archivo,x1,y1,x2,y2,clase
IMG_20250302_124849_box4_0.jpg,2,1,79,25,numeros
IMG_20250302_124849_box4_1.jpg,7,2,30,23,numeros
IMG_20250302_124849_box4_1.jpg,38,2,68,24,letras
IMG_20250302_124849_box4_10.jpg,50,0,85,26,letras
IMG_20250302_124849_box4_10.jpg,5,0,40,23,numeros
IMG_20250302_124849_box4_11.jpg,2,0,32,22,numeros
IMG_20250302_124849_box4_11.jpg,41,0,82,23,letras
IMG_20250302_124849_box4_12.jpg,1,1,78,21,numeros
IMG_20250302_124849_box4_13.jpg,3,1,26,24,numeros
IMG_20250302_124849_box4_13.jpg,32,0,51,24,letras
IMG_20250302_124849_box4_14.jpg,50,0,75,23,letras
IMG_20250302_124849_box4_14.jpg,0,0,46,22,numeros
IMG_20250302_124849_box4_15.jpg,1,0,42,24,numeros
IMG_20250302_124849_box4_15.jpg,46,1,71,24,letras
IMG_20250302_124849_box4_16.jpg,1,0,27,24,numeros
IMG_20250302_124849_box4_16.jpg,29,0,53,24,letras
IMG_20250302_124849_box4_17.jpg,0,2,73,25,numeros
IMG_20250302_124849_box4_18.jpg,2,2,76,25,numeros
IMG_20250302_124849_box4_2.jpg,2,2,26,23,numeros
IMG_20250302_124849_box4_2.jpg,39,2,69,22,letras
IMG_20250302_124849_box4_3.jpg,36,1,60,23,letras
IMG_20250302_124849_box4_3.jpg,1,1,28,24,numeros
IMG_20250302_124849_box4_4.jpg,3,0,76,25,numeros
IMG_20250302_124849_box4_5.jpg,1,0,80,25,numeros
IMG_20250302_124849_box4_6.jpg,2,1,74,27,numeros
IMG_20250302_124849_box4_6.jpg,71,5,87,30,letras
IMG_20250302_124849_box4_7.jpg,38,1,59,24,letras
IMG_20250302_124849_box4_7.jpg,1,0,29,26,numeros
IMG_20250302_124849_box4_8.jpg,1,2,68,27,numeros
IMG_20250302_124849_box4_9.jpg,2,0,77,25,numeros
IMG_20250302_124955_box4_0.jpg,1,1,80,25,numeros
IMG_20250302_124955_box4_1.jpg,2,2,32,26,numeros
IMG_20250302_124955_box4_1.jpg,40,0,68,25,letras
IMG_20250302_124955_box4_10.jpg,48,2,84,25,letras
IMG_20250302_124955_box4_10.jpg,1,2,44,23,numeros
IMG_20250302_124955_box4_11.jpg,3,0,30,22,numeros
IMG_20250302_124955_box4_11.jpg,38,1,80,22,letras
IMG_20250302_124955_box4_12.jpg,0,1,77,22,numeros
IMG_20250302_124955_box4_13.jpg,3,0,28,25,numeros
IMG_20250302_124955_box4_13.jpg,32,0,55,23,letras
IMG_20250302_124955_box4_14.jpg,2,3,43,24,numeros
IMG_20250302_124955_box4_14.jpg,46,2,75,25,letras
IMG_20250302_124955_box4_15.jpg,45,1,72,24,letras
IMG_20250302_124955_box4_15.jpg,0,3,44,25,numeros
IMG_20250302_124955_box4_16.jpg,0,2,25,25,numeros
IMG_20250302_124955_box4_16.jpg,28,1,51,25,letras
IMG_20250302_124955_box4_17.jpg,3,4,74,25,numeros
IMG_20250302_124955_box4_18.jpg,2,2,81,23,numeros
IMG_20250302_124955_box4_2.jpg,5,1,29,25,numeros
IMG_20250302_124955_box4_2.jpg,42,1,67,24,letras
IMG_20250302_124955_box4_3.jpg,36,0,61,25,letras
IMG_20250302_124955_box4_3.jpg,4,1,30,25,numeros
IMG_20250302_124955_box4_4.jpg,1,2,78,24,numeros
IMG_20250302_124955_box4_5.jpg,2,2,78,22,numeros
IMG_20250302_124955_box4_6.jpg,1,1,74,28,numeros
IMG_20250302_124955_box4_6.jpg,70,7,87,35,letras
IMG_20250302_124955_box4_7.jpg,38,0,59,26,letras
IMG_20250302_124955_box4_7.jpg,3,0,28,27,numeros
IMG_20250302_124955_box4_8.jpg,3,5,67,27,numeros
IMG_20250302_124955_box4_9.jpg,1,3,77,25,numeros
IMG_20250302_125220_box4_0.jpg,7,1,83,29,numeros
IMG_20250302_125220_box4_1.jpg,2,2,31,26,numeros
IMG_20250302_125220_box4_1.jpg,37,0,63,25,letras
IMG_20250302_125220_box4_10.jpg,43,1,82,24,letras
IMG_20250302_125220_box4_10.jpg,0,2,36,25,numeros
IMG_20250302_125220_box4_11.jpg,0,0,33,25,numeros
IMG_20250302_125220_box4_11.jpg,42,6,84,28,letras
IMG_20250302_125220_box4_12.jpg,3,4,74,23,numeros
IMG_20250302_125220_box4_13.jpg,6,2,28,24,numeros
IMG_20250302_125220_box4_13.jpg,34,2,58,24,letras
IMG_20250302_125220_box4_14.jpg,47,2,73,25,letras
IMG_20250302_125220_box4_14.jpg,1,2,44,26,numeros
IMG_20250302_125220_box4_15.jpg,0,2,44,28,numeros
IMG_20250302_125220_box4_15.jpg,48,0,72,23,letras
IMG_20250302_125220_box4_16.jpg,29,0,52,24,letras
IMG_20250302_125220_box4_16.jpg,1,2,23,24,numeros
IMG_20250302_125220_box4_17.jpg,2,3,76,27,numeros
IMG_20250302_125220_box4_18.jpg,2,0,75,18,numeros
IMG_20250302_125220_box4_2.jpg,3,2,29,29,numeros
IMG_20250302_125220_box4_2.jpg,43,3,73,27,letras
IMG_20250302_125220_box4_3.jpg,40,1,68,26,letras
IMG_20250302_125220_box4_3.jpg,5,0,32,27,numeros
IMG_20250302_125220_box4_4.jpg,4,5,78,27,numeros
IMG_20250302_125220_box4_5.jpg,2,3,84,21,numeros
IMG_20250302_125220_box4_6.jpg,1,2,73,28,numeros
IMG_20250302_125220_box4_6.jpg,70,3,90,35,letras
IMG_20250302_125220_box4_7.jpg,35,0,66,27,letras
IMG_20250302_125220_box4_7.jpg,2,0,26,25,numeros
IMG_20250302_125220_box4_8.jpg,2,4,71,24,numeros
IMG_20250302_125220_box4_9.jpg,4,2,84,25,numeros
IMG_20250302_125330_box4_0.jpg,7,2,29,29,numeros
IMG_20250302_125330_box4_0.jpg,41,3,70,29,letras
IMG_20250302_125330_box4_1.jpg,3,5,79,29,numeros
IMG_20250302_125330_box4_10.jpg,0,1,28,22,numeros
IMG_20250302_125330_box4_10.jpg,46,0,75,22,letras
IMG_20250302_125330_box4_11.jpg,38,0,66,26,letras
IMG_20250302_125330_box4_11.jpg,1,3,25,25,numeros
IMG_20250302_125330_box4_2.jpg,2,3,28,26,numeros
IMG_20250302_125330_box4_2.jpg,46,1,73,25,letras
IMG_20250302_125330_box4_3.jpg,38,1,64,26,letras
IMG_20250302_125330_box4_3.jpg,0,6,33,26,numeros
IMG_20250302_125330_box4_4.jpg,4,2,27,29,numeros
IMG_20250302_125330_box4_4.jpg,42,2,67,26,letras
IMG_20250302_125330_box4_5.jpg,50,2,73,29,letras
IMG_20250302_125330_box4_5.jpg,1,2,40,28,numeros
IMG_20250302_125330_box4_6.jpg,2,2,27,28,numeros
IMG_20250302_125330_box4_6.jpg,41,1,74,31,letras
IMG_20250302_125330_box4_7.jpg,37,5,69,30,letras
IMG_20250302_125330_box4_7.jpg,5,3,24,30,numeros
IMG_20250302_125330_box4_8.jpg,5,3,34,29,numeros
IMG_20250302_125330_box4_8.jpg,39,2,68,27,letras
IMG_20250302_125330_box4_9.jpg,60,2,81,24,letras
IMG_20250302_125330_box4_9.jpg,0,4,44,26,numeros
IMG_20250302_125543_box4_0.jpg,3,0,34,31,numeros
IMG_20250302_125543_box4_0.jpg,39,3,84,31,letras
IMG_20250302_125543_box4_1.jpg,37,3,84,24,letras
IMG_20250302_125543_box4_1.jpg,1,0,30,24,numeros
IMG_20250302_125543_box4_2.jpg,0,1,26,27,numeros
IMG_20250302_125543_box4_2.jpg,25,5,84,30,letras
IMG_20250302_125543_box4_3.jpg,59,6,78,30,letras
IMG_20250302_125543_box4_3.jpg,1,0,59,27,numeros
IMG_20250302_125543_box4_4.jpg,0,1,29,23,numeros
IMG_20250302_125543_box4_4.jpg,36,2,77,23,letras
IMG_20250302_125543_box4_5.jpg,19,3,65,24,numeros
IMG_20250302_125543_box4_6.jpg,29,3,77,24,numeros
IMG_20250302_125543_box4_7.jpg,3,3,24,24,numeros
IMG_20250302_125543_box4_7.jpg,37,0,74,20,letras
IMG_20250302_125641_box4_0.jpg,1,5,78,29,numeros
IMG_20250302_125641_box4_1.jpg,1,4,76,23,numeros
IMG_20250302_125641_box4_10.jpg,24,4,79,23,numeros
IMG_20250302_125641_box4_11.jpg,8,1,90,26,numeros
IMG_20250302_125641_box4_2.jpg,2,6,74,25,numeros
IMG_20250302_125641_box4_3.jpg,25,3,83,19,numeros
IMG_20250302_125641_box4_4.jpg,26,3,75,21,numeros
IMG_20250302_125641_box4_5.jpg,1,3,33,25,numeros
IMG_20250302_125641_box4_5.jpg,37,3,60,25,letras
IMG_20250302_125641_box4_6.jpg,26,7,75,24,numeros
IMG_20250302_125641_box4_7.jpg,4,1,27,20,numeros
IMG_20250302_125641_box4_8.jpg,35,2,61,20,numeros
IMG_20250302_125641_box4_9.jpg,36,1,61,20,numeros
IMG_20250302_125641_box4_9.jpg,6,0,32,24,numeros
IMG_20250302_125713_box4_0.jpg,0,2,24,26,numeros
IMG_20250302_125713_box4_0.jpg,29,1,55,24,letras
IMG_20250302_125713_box4_1.jpg,32,3,73,23,letras
IMG_20250302_125713_box4_1.jpg,4,0,23,22,numeros
IMG_20250302_125713_box4_2.jpg,4,0,27,25,numeros
IMG_20250302_125713_box4_2.jpg,35,1,76,25,letras
IMG_20250302_125713_box4_3.jpg,31,1,83,27,letras
IMG_20250302_125713_box4_3.jpg,1,4,23,27,numeros
IMG_20250302_125928_box4_0.jpg,4,6,26,29,numeros
IMG_20250302_125928_box4_0.jpg,43,4,68,29,letras
IMG_20250302_125928_box4_1.jpg,34,1,61,26,letras
IMG_20250302_125928_box4_1.jpg,1,3,24,25,numeros
IMG_20250302_125928_box4_10.jpg,0,2,28,25,numeros
IMG_20250302_125928_box4_10.jpg,35,1,58,25,letras
IMG_20250302_125928_box4_11.jpg,32,1,75,23,letras
IMG_20250302_125928_box4_11.jpg,2,3,27,23,numeros
IMG_20250302_125928_box4_12.jpg,2,5,26,26,numeros
IMG_20250302_125928_box4_12.jpg,32,7,71,27,letras
IMG_20250302_125928_box4_13.jpg,30,0,60,28,letras
IMG_20250302_125928_box4_13.jpg,0,3,23,28,numeros
IMG_20250302_125928_box4_2.jpg,1,3,34,31,numeros
IMG_20250302_125928_box4_2.jpg,37,10,75,32,letras
IMG_20250302_125928_box4_3.jpg,26,3,77,29,letras
IMG_20250302_125928_box4_3.jpg,0,2,26,29,numeros
IMG_20250302_125928_box4_4.jpg,1,2,20,27,numeros
IMG_20250302_125928_box4_4.jpg,20,3,75,26,letras
IMG_20250302_125928_box4_5.jpg,1,3,22,27,numeros
IMG_20250302_125928_box4_5.jpg,31,6,63,27,letras
IMG_20250302_125928_box4_6.jpg,29,0,58,26,letras
IMG_20250302_125928_box4_6.jpg,3,2,23,27,numeros
IMG_20250302_125928_box4_7.jpg,0,2,28,30,numeros
IMG_20250302_125928_box4_7.jpg,31,4,58,28,letras
IMG_20250302_125928_box4_8.jpg,20,8,55,26,letras
IMG_20250302_125928_box4_8.jpg,0,2,21,26,numeros
IMG_20250302_125928_box4_9.jpg,1,3,25,28,numeros
IMG_20250302_125928_box4_9.jpg,26,6,84,30,letras
IMG_20250302_125958_box4_0.jpg,37,1,71,29,letras
IMG_20250302_125958_box4_0.jpg,4,1,34,33,numeros
IMG_20250302_125958_box4_1.jpg,3,1,34,29,numeros
IMG_20250302_125958_box4_1.jpg,41,1,66,28,letras
IMG_20250302_125958_box4_2.jpg,32,1,81,30,letras
IMG_20250302_125958_box4_2.jpg,1,0,28,32,letras
IMG_20250302_125958_box4_3.jpg,4,8,29,32,letras
IMG_20250302_125958_box4_3.jpg,30,11,75,43,letras
IMG_20250302_125958_box4_4.jpg,25,4,72,34,letras
IMG_20250302_125958_box4_4.jpg,2,3,22,29,numeros
IMG_20250302_125958_box4_5.jpg,0,3,22,22,numeros
IMG_20250302_125958_box4_5.jpg,22,3,49,22,letras
IMG_20250302_130030_box4_0.jpg,0,5,79,31,numeros
IMG_20250302_130030_box4_1.jpg,0,4,80,28,numeros
IMG_20250302_130030_box4_10.jpg,0,4,83,28,numeros
IMG_20250302_130030_box4_11.jpg,35,1,78,27,letras
IMG_20250302_130030_box4_11.jpg,1,3,25,25,numeros
IMG_20250302_130030_box4_12.jpg,2,1,27,23,numeros
IMG_20250302_130030_box4_12.jpg,38,1,60,24,letras
IMG_20250302_130030_box4_13.jpg,38,4,80,28,letras
IMG_20250302_130030_box4_13.jpg,0,2,24,27,numeros
IMG_20250302_130030_box4_14.jpg,0,4,30,26,numeros
IMG_20250302_130030_box4_14.jpg,35,1,74,27,letras
IMG_20250302_130030_box4_15.jpg,38,1,64,24,letras
IMG_20250302_130030_box4_15.jpg,0,0,27,25,numeros
IMG_20250302_130030_box4_16.jpg,1,1,23,23,numeros
IMG_20250302_130030_box4_16.jpg,30,1,56,20,letras
IMG_20250302_130030_box4_17.jpg,27,4,54,24,letras
IMG_20250302_130030_box4_17.jpg,2,2,20,25,numeros
IMG_20250302_130030_box4_2.jpg,0,3,77,24,numeros
IMG_20250302_130030_box4_3.jpg,0,0,82,25,numeros
IMG_20250302_130030_box4_4.jpg,0,3,23,27,numeros
IMG_20250302_130030_box4_4.jpg,28,0,72,23,letras
IMG_20250302_130030_box4_5.jpg,1,3,70,30,numeros
IMG_20250302_130030_box4_6.jpg,1,4,76,26,numeros
IMG_20250302_130030_box4_7.jpg,0,1,77,27,numeros
IMG_20250302_130030_box4_8.jpg,2,2,80,25,numeros
IMG_20250302_130030_box4_9.jpg,1,2,31,33,numeros
IMG_20250302_130030_box4_9.jpg,32,2,84,30,letras
IMG_20250302_130128_box4_0.jpg,1,1,72,27,numeros
IMG_20250302_130128_box4_1.jpg,0,1,76,29,numeros
IMG_20250302_130128_box4_10.jpg,1,3,25,23,numeros
IMG_20250302_130128_box4_10.jpg,28,2,56,22,letras
IMG_20250302_130128_box4_11.jpg,0,3,71,29,numeros
IMG_20250302_130128_box4_12.jpg,0,3,76,26,numeros
IMG_20250302_130128_box4_13.jpg,0,2,26,28,numeros
IMG_20250302_130128_box4_13.jpg,27,4,54,26,letras
IMG_20250302_130128_box4_14.jpg,28,1,56,22,letras
IMG_20250302_130128_box4_14.jpg,0,2,23,23,numeros
IMG_20250302_130128_box4_15.jpg,2,3,25,30,numeros
IMG_20250302_130128_box4_15.jpg,2,3,25,30,numeros
IMG_20250302_130128_box4_15.jpg,27,3,56,30,letras
IMG_20250302_130128_box4_15.jpg,27,3,56,30,letras
IMG_20250302_130128_box4_2.jpg,1,1,79,23,numeros
IMG_20250302_130128_box4_3.jpg,3,1,79,21,numeros
IMG_20250302_130128_box4_4.jpg,2,1,29,28,numeros
IMG_20250302_130128_box4_4.jpg,36,2,76,24,letras
IMG_20250302_130128_box4_5.jpg,32,4,63,28,letras
IMG_20250302_130128_box4_5.jpg,2,3,29,30,numeros
IMG_20250302_130128_box4_6.jpg,0,1,52,27,numeros
IMG_20250302_130128_box4_6.jpg,55,4,76,28,letras
IMG_20250302_130128_box4_7.jpg,51,3,74,28,letras
IMG_20250302_130128_box4_7.jpg,0,3,48,28,numeros
IMG_20250302_130128_box4_8.jpg,2,5,31,29,numeros
IMG_20250302_130128_box4_8.jpg,43,3,71,28,letras
IMG_20250302_130128_box4_9.jpg,1,1,78,27,numeros
IMG_20250302_130227_box4_0.jpg,0,2,25,29,numeros
IMG_20250302_130227_box4_0.jpg,27,1,57,26,letras
IMG_20250302_130227_box4_1.jpg,44,2,70,27,letras
IMG_20250302_130227_box4_1.jpg,2,3,38,27,numeros
IMG_20250302_130227_box4_10.jpg,1,2,22,23,numeros
IMG_20250302_130227_box4_10.jpg,27,0,58,22,letras
IMG_20250302_130227_box4_11.jpg,32,1,62,25,letras
IMG_20250302_130227_box4_11.jpg,0,1,29,26,numeros
IMG_20250302_130227_box4_12.jpg,48,1,76,26,letras
IMG_20250302_130227_box4_12.jpg,4,6,44,25,numeros
IMG_20250302_130227_box4_13.jpg,0,2,37,23,numeros
IMG_20250302_130227_box4_13.jpg,39,4,66,24,letras
IMG_20250302_130227_box4_14.jpg,4,3,79,29,numeros
IMG_20250302_130227_box4_15.jpg,0,3,81,25,numeros
IMG_20250302_130227_box4_16.jpg,2,1,77,22,numeros
IMG_20250302_130227_box4_17.jpg,3,0,28,31,numeros
IMG_20250302_130227_box4_17.jpg,41,4,84,30,letras
IMG_20250302_130227_box4_2.jpg,38,3,63,28,letras
IMG_20250302_130227_box4_2.jpg,3,1,28,31,numeros
IMG_20250302_130227_box4_3.jpg,0,0,49,26,numeros
IMG_20250302_130227_box4_3.jpg,53,1,79,24,letras
IMG_20250302_130227_box4_4.jpg,34,1,59,23,letras
IMG_20250302_130227_box4_4.jpg,2,1,27,24,numeros
IMG_20250302_130227_box4_5.jpg,4,3,25,27,numeros
IMG_20250302_130227_box4_5.jpg,32,0,60,26,letras
IMG_20250302_130227_box4_6.jpg,26,1,55,23,letras
IMG_20250302_130227_box4_6.jpg,1,4,24,23,numeros
IMG_20250302_130227_box4_7.jpg,0,2,27,25,numeros
IMG_20250302_130227_box4_7.jpg,32,0,55,25,letras
IMG_20250302_130227_box4_8.jpg,2,1,77,31,numeros
IMG_20250302_130227_box4_9.jpg,3,2,81,28,numeros
IMG_20250302_131021_box4_0.jpg,2,3,22,27,numeros
IMG_20250302_131021_box4_0.jpg,27,3,55,26,letras
IMG_20250302_131021_box4_1.jpg,44,4,66,29,letras
IMG_20250302_131021_box4_1.jpg,3,4,40,29,numeros
IMG_20250302_131021_box4_10.jpg,2,3,26,20,numeros
IMG_20250302_131021_box4_10.jpg,36,1,65,21,letras
IMG_20250302_131021_box4_11.jpg,31,1,59,22,letras
IMG_20250302_131021_box4_11.jpg,1,1,25,25,numeros
IMG_20250302_131021_box4_12.jpg,2,2,40,26,numeros
IMG_20250302_131021_box4_12.jpg,47,2,69,25,letras
IMG_20250302_131021_box4_13.jpg,42,0,70,22,letras
IMG_20250302_131021_box4_13.jpg,0,2,38,24,numeros
IMG_20250302_131021_box4_14.jpg,5,3,79,24,numeros
IMG_20250302_131021_box4_15.jpg,4,2,80,23,numeros
IMG_20250302_131021_box4_16.jpg,5,3,84,24,numeros
IMG_20250302_131021_box4_17.jpg,3,2,33,25,numeros
IMG_20250302_131021_box4_17.jpg,37,2,82,23,letras
IMG_20250302_131021_box4_2.jpg,35,2,61,28,letras
IMG_20250302_131021_box4_2.jpg,2,1,30,29,numeros
IMG_20250302_131021_box4_3.jpg,1,1,52,26,numeros
IMG_20250302_131021_box4_3.jpg,55,2,84,30,letras
IMG_20250302_131021_box4_4.jpg,37,2,67,27,letras
IMG_20250302_131021_box4_4.jpg,2,5,33,25,numeros
IMG_20250302_131021_box4_5.jpg,1,2,26,27,numeros
IMG_20250302_131021_box4_5.jpg,30,4,62,29,letras
IMG_20250302_131021_box4_6.jpg,29,4,55,29,letras
IMG_20250302_131021_box4_6.jpg,0,2,23,29,numeros
IMG_20250302_131021_box4_7.jpg,2,2,29,25,numeros
IMG_20250302_131021_box4_7.jpg,34,1,61,24,letras
IMG_20250302_131021_box4_8.jpg,4,4,80,26,numeros
IMG_20250302_131021_box4_9.jpg,2,5,83,27,numeros
IMG_20250302_131059_box4_0.jpg,1,0,77,31,numeros
IMG_20250302_131059_box4_1.jpg,0,0,79,29,numeros
IMG_20250302_131059_box4_10.jpg,2,1,28,22,numeros
IMG_20250302_131059_box4_10.jpg,33,0,62,22,letras
IMG_20250302_131059_box4_11.jpg,0,2,80,29,numeros
IMG_20250302_131059_box4_12.jpg,0,3,76,25,numeros
IMG_20250302_131059_box4_13.jpg,5,2,29,22,numeros
IMG_20250302_131059_box4_13.jpg,37,0,60,22,letras
IMG_20250302_131059_box4_14.jpg,28,3,57,25,letras
IMG_20250302_131059_box4_14.jpg,0,6,22,30,numeros
IMG_20250302_131059_box4_15.jpg,1,3,22,14,numeros
IMG_20250302_131059_box4_15.jpg,30,2,58,15,letras
IMG_20250302_131059_box4_2.jpg,1,0,80,23,numeros
IMG_20250302_131059_box4_3.jpg,0,2,84,29,numeros
IMG_20250302_131059_box4_4.jpg,0,3,24,26,numeros
IMG_20250302_131059_box4_4.jpg,35,3,76,24,letras
IMG_20250302_131059_box4_5.jpg,36,0,64,26,letras
IMG_20250302_131059_box4_5.jpg,0,1,33,26,numeros
IMG_20250302_131059_box4_6.jpg,2,2,58,25,numeros
IMG_20250302_131059_box4_6.jpg,59,5,83,26,letras
IMG_20250302_131059_box4_7.jpg,1,2,47,26,numeros
IMG_20250302_131059_box4_7.jpg,1,2,47,26,numeros
IMG_20250302_131059_box4_7.jpg,51,2,72,28,letras
IMG_20250302_131059_box4_7.jpg,51,2,72,28,letras
IMG_20250302_131059_box4_8.jpg,45,2,70,27,letras
IMG_20250302_131059_box4_8.jpg,2,3,28,27,numeros
IMG_20250302_131059_box4_9.jpg,4,2,85,26,numeros
IMG_20250302_131115_box4_0.jpg,2,2,74,33,numeros
IMG_20250302_131115_box4_1.jpg,1,1,79,30,numeros
IMG_20250302_131115_box4_10.jpg,2,4,27,29,numeros
IMG_20250302_131115_box4_10.jpg,30,1,60,30,letras
IMG_20250302_131115_box4_11.jpg,0,2,74,29,numeros
IMG_20250302_131115_box4_12.jpg,0,2,75,27,numeros
IMG_20250302_131115_box4_13.jpg,3,3,35,30,numeros
IMG_20250302_131115_box4_13.jpg,38,4,60,31,letras
IMG_20250302_131115_box4_14.jpg,31,3,60,29,letras
IMG_20250302_131115_box4_14.jpg,2,4,23,29,numeros
IMG_20250302_131115_box4_15.jpg,0,4,29,29,numeros
IMG_20250302_131115_box4_15.jpg,31,2,59,29,letras
IMG_20250302_131115_box4_2.jpg,0,2,75,26,numeros
IMG_20250302_131115_box4_3.jpg,0,0,75,22,numeros
IMG_20250302_131115_box4_4.jpg,1,0,27,31,numeros
IMG_20250302_131115_box4_4.jpg,36,2,75,29,letras
IMG_20250302_131115_box4_5.jpg,2,2,30,30,numeros
IMG_20250302_131115_box4_5.jpg,36,1,68,26,letras
IMG_20250302_131115_box4_6.jpg,59,3,81,24,letras
IMG_20250302_131115_box4_6.jpg,3,1,55,24,numeros
IMG_20250302_131115_box4_7.jpg,2,2,45,27,numeros
IMG_20250302_131115_box4_7.jpg,47,2,72,27,letras
IMG_20250302_131115_box4_8.jpg,46,1,70,28,letras
IMG_20250302_131115_box4_8.jpg,5,4,32,27,numeros
IMG_20250302_131115_box4_9.jpg,5,4,80,29,numeros
IMG_20250302_131133_box4_0.jpg,3,5,80,33,numeros
IMG_20250302_131133_box4_1.jpg,0,1,25,25,numeros
IMG_20250302_131133_box4_1.jpg,33,1,54,26,letras
IMG_20250302_131133_box4_2.jpg,29,4,51,29,letras
IMG_20250302_131133_box4_2.jpg,3,3,26,32,numeros
IMG_20250302_131133_box4_3.jpg,4,2,48,31,numeros
IMG_20250302_131133_box4_3.jpg,50,3,69,30,letras
IMG_20250302_131133_box4_4.jpg,32,2,51,28,letras
IMG_20250302_131133_box4_4.jpg,6,0,29,28,numeros
IMG_20250302_131133_box4_5.jpg,7,4,81,29,numeros
IMG_20250302_131133_box4_6.jpg,0,1,27,27,numeros
IMG_20250302_131133_box4_6.jpg,34,1,64,27,letras
IMG_20250302_131133_box4_7.jpg,31,1,58,21,letras
IMG_20250302_131133_box4_7.jpg,2,2,29,21,numeros
IMG_20250302_131133_box4_8.jpg,2,1,28,27,numeros
IMG_20250302_131133_box4_8.jpg,32,3,57,26,letras
IMG_20250302_131133_box4_9.jpg,39,1,76,26,letras
IMG_20250302_131133_box4_9.jpg,2,1,29,24,numeros
IMG_20250302_131208_box4_0.jpg,3,3,83,28,numeros
IMG_20250302_131208_box4_1.jpg,1,3,26,26,numeros
IMG_20250302_131208_box4_1.jpg,35,1,56,24,letras
IMG_20250302_131208_box4_2.jpg,28,4,58,27,letras
IMG_20250302_131208_box4_2.jpg,4,0,26,26,numeros
IMG_20250302_131208_box4_3.jpg,4,2,53,25,numeros
IMG_20250302_131208_box4_3.jpg,55,2,78,27,letras
IMG_20250302_131208_box4_4.jpg,2,1,26,29,numeros
IMG_20250302_131208_box4_4.jpg,28,2,53,28,letras
IMG_20250302_131208_box4_5.jpg,1,2,82,29,numeros
IMG_20250302_131208_box4_6.jpg,0,0,28,25,numeros
IMG_20250302_131208_box4_6.jpg,35,0,57,24,letras
IMG_20250302_131208_box4_7.jpg,37,1,67,30,letras
IMG_20250302_131208_box4_7.jpg,5,3,32,29,numeros
IMG_20250302_131208_box4_8.jpg,5,5,33,27,numeros
IMG_20250302_131208_box4_8.jpg,38,3,60,28,letras
IMG_20250302_131208_box4_9.jpg,33,3,76,32,letras
IMG_20250302_131208_box4_9.jpg,4,4,27,32,numeros
IMG_20250302_131244_box4_0.jpg,1,4,28,30,numeros
IMG_20250302_131244_box4_0.jpg,45,5,68,31,letras
IMG_20250302_131244_box4_1.jpg,39,3,64,26,letras
IMG_20250302_131244_box4_1.jpg,1,5,29,27,numeros
IMG_20250302_131244_box4_10.jpg,2,2,28,24,numeros
IMG_20250302_131244_box4_10.jpg,34,5,76,24,letras
IMG_20250302_131244_box4_11.jpg,35,3,60,28,letras
IMG_20250302_131244_box4_11.jpg,5,3,29,29,numeros
IMG_20250302_131244_box4_12.jpg,6,2,45,25,numeros
IMG_20250302_131244_box4_12.jpg,53,6,85,23,letras
IMG_20250302_131244_box4_13.jpg,22,1,51,25,letras
IMG_20250302_131244_box4_13.jpg,0,2,21,27,numeros
IMG_20250302_131244_box4_14.jpg,0,6,22,30,numeros
IMG_20250302_131244_box4_14.jpg,29,5,59,29,letras
IMG_20250302_131244_box4_15.jpg,40,2,90,26,letras
IMG_20250302_131244_box4_15.jpg,1,2,37,26,numeros
IMG_20250302_131244_box4_16.jpg,2,4,24,27,numeros
IMG_20250302_131244_box4_16.jpg,31,1,86,25,letras
IMG_20250302_131244_box4_17.jpg,30,1,84,23,letras
IMG_20250302_131244_box4_17.jpg,0,3,21,21,numeros
IMG_20250302_131244_box4_18.jpg,2,5,19,19,numeros
IMG_20250302_131244_box4_18.jpg,24,2,81,17,letras
IMG_20250302_131244_box4_2.jpg,28,1,56,26,letras
IMG_20250302_131244_box4_2.jpg,1,0,21,28,numeros
IMG_20250302_131244_box4_3.jpg,2,2,26,29,numeros
IMG_20250302_131244_box4_3.jpg,34,2,58,29,letras
IMG_20250302_131244_box4_4.jpg,34,2,79,27,letras
IMG_20250302_131244_box4_4.jpg,1,1,23,28,numeros
IMG_20250302_131244_box4_5.jpg,1,3,25,26,numeros
IMG_20250302_131244_box4_5.jpg,33,3,78,26,letras
IMG_20250302_131244_box4_6.jpg,36,2,80,23,letras
IMG_20250302_131244_box4_6.jpg,5,3,31,23,numeros
IMG_20250302_131244_box4_7.jpg,40,1,65,22,numeros
IMG_20250302_131244_box4_7.jpg,3,1,26,21,numeros
IMG_20250302_131244_box4_8.jpg,3,3,40,28,numeros
IMG_20250302_131244_box4_8.jpg,40,7,78,27,letras
IMG_20250302_131244_box4_9.jpg,40,3,74,25,letras
IMG_20250302_131244_box4_9.jpg,3,2,36,27,numeros
IMG_20250302_131314_box4_0.jpg,2,3,33,31,numeros
IMG_20250302_131314_box4_0.jpg,39,3,92,25,letras
IMG_20250302_131314_box4_1.jpg,37,1,83,25,letras
IMG_20250302_131314_box4_1.jpg,0,1,30,25,numeros
IMG_20250302_131314_box4_10.jpg,1,3,29,20,numeros
IMG_20250302_131314_box4_10.jpg,35,2,57,19,letras
IMG_20250302_131314_box4_2.jpg,29,1,53,27,letras
IMG_20250302_131314_box4_2.jpg,0,0,25,29,numeros
IMG_20250302_131314_box4_3.jpg,4,1,32,25,numeros
IMG_20250302_131314_box4_3.jpg,40,0,69,23,letras
IMG_20250302_131314_box4_4.jpg,29,1,57,26,letras
IMG_20250302_131314_box4_4.jpg,0,3,23,26,numeros
IMG_20250302_131314_box4_5.jpg,0,4,31,25,numeros
IMG_20250302_131314_box4_5.jpg,45,3,90,24,letras
IMG_20250302_131314_box4_6.jpg,31,2,84,27,letras
IMG_20250302_131314_box4_6.jpg,1,2,25,26,numeros
IMG_20250302_131314_box4_7.jpg,2,2,25,26,numeros
IMG_20250302_131314_box4_7.jpg,37,1,83,26,letras
IMG_20250302_131314_box4_8.jpg,2,4,29,28,numeros
IMG_20250302_131314_box4_8.jpg,34,0,79,24,letras
IMG_20250302_131314_box4_9.jpg,29,1,60,21,letras
IMG_20250302_131314_box4_9.jpg,0,3,26,25,numeros
IMG_20250302_131400_box4_0.jpg,2,6,33,31,numeros
IMG_20250302_131400_box4_0.jpg,43,4,67,30,letras
IMG_20250302_131400_box4_1.jpg,27,1,61,28,letras
IMG_20250302_131400_box4_1.jpg,2,4,25,29,numeros
IMG_20250302_131400_box4_2.jpg,1,2,44,22,numeros
IMG_20250302_131400_box4_2.jpg,53,2,78,23,letras
IMG_20250302_131400_box4_3.jpg,0,0,74,26,numeros
IMG_20250302_131400_box4_4.jpg,1,1,26,23,numeros
IMG_20250302_131400_box4_4.jpg,35,2,62,22,letras
IMG_20250302_131400_box4_5.jpg,43,1,68,27,letras
IMG_20250302_131400_box4_5.jpg,1,0,32,26,numeros
IMG_20250302_131400_box4_6.jpg,3,4,74,27,numeros
IMG_20250302_131400_box4_7.jpg,1,2,76,25,numeros
IMG_20250302_131432_box4_0.jpg,1,4,27,30,numeros
IMG_20250302_131432_box4_0.jpg,35,3,62,30,letras
IMG_20250302_131432_box4_1.jpg,36,4,79,26,letras
IMG_20250302_131432_box4_1.jpg,1,3,27,29,numeros
IMG_20250302_131432_box4_10.jpg,0,4,21,28,numeros
IMG_20250302_131432_box4_10.jpg,30,2,65,26,letras
IMG_20250302_131432_box4_11.jpg,51,5,83,27,letras
IMG_20250302_131432_box4_11.jpg,1,1,50,25,numeros
IMG_20250302_131432_box4_2.jpg,1,4,25,27,numeros
IMG_20250302_131432_box4_2.jpg,29,5,87,28,letras
IMG_20250302_131432_box4_3.jpg,34,0,68,26,letras
IMG_20250302_131432_box4_3.jpg,0,3,27,27,numeros
IMG_20250302_131432_box4_4.jpg,0,4,26,27,numeros
IMG_20250302_131432_box4_4.jpg,27,4,64,28,letras
IMG_20250302_131432_box4_5.jpg,37,4,69,24,letras
IMG_20250302_131432_box4_5.jpg,1,0,28,26,numeros
IMG_20250302_131432_box4_6.jpg,0,1,23,24,numeros
IMG_20250302_131432_box4_6.jpg,30,2,61,24,letras
IMG_20250302_131432_box4_7.jpg,31,0,75,27,letras
IMG_20250302_131432_box4_7.jpg,0,2,27,29,numeros
IMG_20250302_131432_box4_8.jpg,41,0,76,26,numeros
IMG_20250302_131432_box4_8.jpg,1,3,29,28,numeros
IMG_20250302_131432_box4_9.jpg,34,1,74,32,letras
IMG_20250302_131432_box4_9.jpg,1,1,24,27,numeros
IMG_20250302_131458_box4_0.jpg,5,2,34,29,numeros
IMG_20250302_131458_box4_1.jpg,6,4,37,29,numeros
IMG_20250302_131458_box4_10.jpg,3,3,25,23,numeros
IMG_20250302_131458_box4_10.jpg,31,2,55,24,letras
IMG_20250302_131458_box4_11.jpg,0,1,73,22,numeros
IMG_20250302_131458_box4_12.jpg,1,2,69,24,numeros
IMG_20250302_131458_box4_13.jpg,1,0,29,28,numeros
IMG_20250302_131458_box4_13.jpg,32,0,58,21,letras
IMG_20250302_131458_box4_14.jpg,31,1,75,21,letras
IMG_20250302_131458_box4_14.jpg,0,0,23,22,numeros
IMG_20250302_131458_box4_2.jpg,4,2,32,30,numeros
IMG_20250302_131458_box4_2.jpg,30,2,56,29,letras
IMG_20250302_131458_box4_3.jpg,1,1,78,23,numeros
IMG_20250302_131458_box4_4.jpg,2,0,81,26,numeros
IMG_20250302_131458_box4_5.jpg,0,3,76,24,numeros
IMG_20250302_131458_box4_6.jpg,0,1,78,21,numeros
IMG_20250302_131458_box4_7.jpg,0,4,74,25,numeros
IMG_20250302_131458_box4_8.jpg,0,2,74,25,numeros
IMG_20250302_131458_box4_9.jpg,1,1,71,23,numeros
IMG_20250302_131521_box4_0.jpg,7,2,30,30,numeros
IMG_20250302_131521_box4_0.jpg,33,4,56,28,letras
IMG_20250302_131521_box4_1.jpg,29,5,60,26,letras
IMG_20250302_131521_box4_1.jpg,3,1,25,27,numeros
IMG_20250302_131521_box4_2.jpg,0,1,24,28,numeros
IMG_20250302_131521_box4_2.jpg,38,2,72,25,letras
IMG_20250302_131521_box4_3.jpg,29,1,57,24,letras
IMG_20250302_131521_box4_3.jpg,1,0,17,25,numeros
IMG_20250302_131521_box4_4.jpg,0,2,25,26,numeros
IMG_20250302_131521_box4_4.jpg,27,7,72,26,letras
IMG_20250302_131542_box4_0.jpg,35,3,67,26,letras
IMG_20250302_131542_box4_0.jpg,3,3,30,26,numeros
IMG_20250302_131542_box4_1.jpg,1,3,20,28,numeros
IMG_20250302_131542_box4_1.jpg,29,4,83,27,letras
IMG_20250302_131542_box4_10.jpg,26,5,75,26,letras
IMG_20250302_131542_box4_10.jpg,3,3,21,25,numeros
IMG_20250302_131542_box4_11.jpg,1,4,23,24,numeros
IMG_20250302_131542_box4_11.jpg,30,3,78,21,letras
IMG_20250302_131542_box4_12.jpg,0,4,69,24,numeros
IMG_20250302_131542_box4_13.jpg,0,4,80,22,numeros
IMG_20250302_131542_box4_14.jpg,0,0,32,24,numeros
IMG_20250302_131542_box4_14.jpg,40,1,69,22,letras
IMG_20250302_131542_box4_15.jpg,47,2,89,19,letras
IMG_20250302_131542_box4_15.jpg,1,0,42,20,numeros
IMG_20250302_131542_box4_16.jpg,48,3,89,22,letras
IMG_20250302_131542_box4_16.jpg,5,2,46,23,numeros
IMG_20250302_131542_box4_2.jpg,0,1,23,23,numeros
IMG_20250302_131542_box4_2.jpg,26,1,81,22,letras
IMG_20250302_131542_box4_3.jpg,28,0,54,19,letras
IMG_20250302_131542_box4_3.jpg,1,3,21,21,numeros
IMG_20250302_131542_box4_4.jpg,1,1,24,22,numeros
IMG_20250302_131542_box4_4.jpg,29,0,74,23,letras
IMG_20250302_131542_box4_5.jpg,29,0,76,26,letras
IMG_20250302_131542_box4_5.jpg,2,3,27,26,numeros
IMG_20250302_131542_box4_6.jpg,1,0,26,22,numeros
IMG_20250302_131542_box4_6.jpg,32,0,76,21,letras
IMG_20250302_131542_box4_7.jpg,25,0,81,25,letras
IMG_20250302_131542_box4_7.jpg,1,0,17,26,numeros
IMG_20250302_131542_box4_8.jpg,0,0,30,27,numeros
IMG_20250302_131542_box4_8.jpg,35,4,75,27,letras
IMG_20250302_131542_box4_9.jpg,30,1,56,25,letras
IMG_20250302_131542_box4_9.jpg,1,3,28,28,numeros
IMG_20250302_131602_box4_0.jpg,2,1,70,25,numeros
IMG_20250302_131602_box4_0.jpg,70,2,89,23,letras
IMG_20250302_131620_box4_0.jpg,74,3,87,29,letras
IMG_20250302_131620_box4_0.jpg,1,2,71,30,numeros
IMG_20250302_131620_box4_1.jpg,2,3,79,29,numeros
IMG_20250302_131620_box4_10.jpg,0,1,26,23,numeros
IMG_20250302_131620_box4_10.jpg,34,1,63,25,letras
IMG_20250302_131620_box4_11.jpg,0,1,74,28,numeros
IMG_20250302_131620_box4_12.jpg,0,3,25,27,numeros
IMG_20250302_131620_box4_12.jpg,33,2,55,26,letras
IMG_20250302_131620_box4_13.jpg,0,0,76,28,numeros
IMG_20250302_131620_box4_14.jpg,2,3,28,25,numeros
IMG_20250302_131620_box4_14.jpg,32,1,56,24,letras
IMG_20250302_131620_box4_15.jpg,30,1,54,28,letras
IMG_20250302_131620_box4_15.jpg,0,3,24,29,numeros
IMG_20250302_131620_box4_16.jpg,7,3,26,28,numeros
IMG_20250302_131620_box4_16.jpg,36,1,60,26,letras
IMG_20250302_131620_box4_17.jpg,29,3,56,24,letras
IMG_20250302_131620_box4_17.jpg,4,6,23,24,numeros
IMG_20250302_131620_box4_18.jpg,0,1,37,27,numeros
IMG_20250302_131620_box4_18.jpg,43,0,66,26,letras
IMG_20250302_131620_box4_2.jpg,21,2,49,25,letras
IMG_20250302_131620_box4_2.jpg,1,2,19,28,numeros
IMG_20250302_131620_box4_3.jpg,5,0,25,23,numeros
IMG_20250302_131620_box4_3.jpg,35,1,61,23,letras
IMG_20250302_131620_box4_4.jpg,33,1,58,28,letras
IMG_20250302_131620_box4_4.jpg,2,1,30,27,numeros
IMG_20250302_131620_box4_5.jpg,2,3,73,33,numeros
IMG_20250302_131620_box4_6.jpg,1,1,74,27,numeros
IMG_20250302_131620_box4_7.jpg,0,0,77,23,numeros
IMG_20250302_131620_box4_8.jpg,0,0,79,27,numeros
IMG_20250302_131620_box4_9.jpg,0,0,78,28,numeros
IMG_20250302_131638_box4_0.jpg,0,1,69,27,numeros
IMG_20250302_131638_box4_1.jpg,5,1,32,27,numeros
IMG_20250302_131638_box4_1.jpg,38,0,83,27,letras
IMG_20250302_131638_box4_10.jpg,33,1,59,29,letras
IMG_20250302_131638_box4_10.jpg,1,3,26,29,numeros
IMG_20250302_131638_box4_11.jpg,1,2,73,23,numeros
IMG_20250302_131638_box4_12.jpg,5,3,33,23,numeros
IMG_20250302_131638_box4_12.jpg,42,0,64,23,letras
IMG_20250302_131638_box4_13.jpg,2,3,27,26,numeros
IMG_20250302_131638_box4_13.jpg,31,2,57,26,letras
IMG_20250302_131638_box4_14.jpg,2,3,79,29,numeros
IMG_20250302_131638_box4_15.jpg,18,1,38,23,numeros
IMG_20250302_131638_box4_15.jpg,46,2,79,21,letras
IMG_20250302_131638_box4_16.jpg,39,2,67,27,letras
IMG_20250302_131638_box4_16.jpg,7,8,32,28,numeros
IMG_20250302_131638_box4_17.jpg,2,4,30,30,numeros
IMG_20250302_131638_box4_17.jpg,30,2,55,26,letras
IMG_20250302_131638_box4_2.jpg,28,2,54,28,letras
IMG_20250302_131638_box4_2.jpg,0,2,24,29,numeros
IMG_20250302_131638_box4_3.jpg,0,0,28,27,numeros
IMG_20250302_131638_box4_3.jpg,27,0,56,25,letras
IMG_20250302_131638_box4_4.jpg,28,2,57,26,letras
IMG_20250302_131638_box4_4.jpg,4,2,23,27,numeros
IMG_20250302_131638_box4_5.jpg,1,1,29,26,numeros
IMG_20250302_131638_box4_5.jpg,35,2,60,26,letras
IMG_20250302_131638_box4_6.jpg,5,2,75,28,numeros
IMG_20250302_131638_box4_7.jpg,2,4,25,27,numeros
IMG_20250302_131638_box4_7.jpg,34,0,67,25,letras
IMG_20250302_131638_box4_8.jpg,37,0,63,29,letras
IMG_20250302_131638_box4_8.jpg,0,3,32,30,numeros
IMG_20250302_131638_box4_9.jpg,3,0,29,25,numeros
IMG_20250302_131638_box4_9.jpg,29,1,60,25,letras
IMG_20250302_131651_box4_0.jpg,2,3,76,29,numeros
IMG_20250302_131651_box4_1.jpg,3,2,70,25,numeros
IMG_20250302_131651_box4_2.jpg,3,1,28,29,numeros
IMG_20250302_131651_box4_2.jpg,36,1,63,28,letras
IMG_20250302_131651_box4_3.jpg,2,1,80,29,numeros
IMG_20250302_131651_box4_4.jpg,1,0,28,30,numeros
IMG_20250302_131651_box4_4.jpg,34,1,83,29,letras
IMG_20250302_131701_box4_0.jpg,7,3,86,27,numeros
IMG_20250302_131701_box4_1.jpg,2,5,68,26,numeros
IMG_20250302_131701_box4_2.jpg,6,0,35,27,numeros
IMG_20250302_131701_box4_2.jpg,37,2,66,27,letras
IMG_20250302_131701_box4_3.jpg,2,3,84,30,numeros
IMG_20250302_131701_box4_4.jpg,2,1,23,25,numeros
IMG_20250302_131701_box4_4.jpg,29,1,80,25,letras
IMG_20250302_131713_box4_0.jpg,0,2,72,32,numeros
IMG_20250302_131713_box4_1.jpg,2,4,70,35,numeros
IMG_20250302_131713_box4_10.jpg,1,2,77,24,numeros
IMG_20250302_131713_box4_11.jpg,0,0,18,23,numeros
IMG_20250302_131713_box4_11.jpg,22,1,50,23,letras
IMG_20250302_131713_box4_12.jpg,3,1,72,25,numeros
IMG_20250302_131713_box4_13.jpg,4,0,25,23,numeros
IMG_20250302_131713_box4_13.jpg,25,0,53,22,letras
IMG_20250302_131713_box4_14.jpg,22,1,51,25,letras
IMG_20250302_131713_box4_14.jpg,1,4,21,29,numeros
IMG_20250302_131713_box4_15.jpg,1,2,72,26,numeros
IMG_20250302_131713_box4_16.jpg,1,0,23,25,numeros
IMG_20250302_131713_box4_16.jpg,29,0,53,25,letras
IMG_20250302_131713_box4_17.jpg,33,1,55,27,letras
IMG_20250302_131713_box4_17.jpg,2,4,23,25,numeros
IMG_20250302_131713_box4_2.jpg,1,4,24,31,numeros
IMG_20250302_131713_box4_2.jpg,26,5,52,29,letras
IMG_20250302_131713_box4_3.jpg,75,5,90,28,letras
IMG_20250302_131713_box4_3.jpg,4,5,75,29,numeros
IMG_20250302_131713_box4_4.jpg,0,5,74,28,numeros
IMG_20250302_131713_box4_5.jpg,2,2,76,25,numeros
IMG_20250302_131713_box4_6.jpg,0,5,76,26,numeros
IMG_20250302_131713_box4_7.jpg,1,1,27,30,numeros
IMG_20250302_131713_box4_7.jpg,35,2,58,29,letras
IMG_20250302_131713_box4_8.jpg,45,3,72,25,letras
IMG_20250302_131713_box4_8.jpg,4,2,40,24,numeros
IMG_20250302_131713_box4_9.jpg,1,1,72,25,numeros
IMG_20250302_131721_box4_0.jpg,2,2,32,31,numeros
IMG_20250302_131721_box4_0.jpg,43,1,87,32,letras
IMG_20250302_131721_box4_1.jpg,35,1,81,27,letras
IMG_20250302_131721_box4_1.jpg,0,4,24,28,numeros
IMG_20250302_131721_box4_2.jpg,1,4,80,31,numeros
IMG_20250302_131721_box4_3.jpg,0,6,82,30,numeros
IMG_20250302_131729_box4_0.jpg,1,1,32,27,numeros
IMG_20250302_131729_box4_0.jpg,37,2,65,26,letras
IMG_20250302_131729_box4_1.jpg,3,1,73,27,numeros
IMG_20250302_131729_box4_2.jpg,6,3,79,30,numeros
IMG_20250302_131729_box4_3.jpg,0,1,27,29,numeros
IMG_20250302_131729_box4_3.jpg,37,2,63,29,letras
IMG_20250302_131736_box4_0.jpg,1,3,81,32,numeros
IMG_20250302_131736_box4_1.jpg,5,2,76,24,numeros
IMG_20250302_131736_box4_2.jpg,2,3,76,24,numeros
IMG_20250302_131736_box4_3.jpg,3,6,77,28,numeros
IMG_20250302_131736_box4_4.jpg,1,8,78,26,numeros
IMG_20250302_131736_box4_5.jpg,3,3,28,27,numeros
IMG_20250302_131736_box4_5.jpg,41,0,66,25,letras
IMG_20250302_131743_box4_0.jpg,2,3,71,26,numeros
IMG_20250302_131743_box4_1.jpg,6,7,75,26,numeros
IMG_20250302_131743_box4_2.jpg,3,3,70,19,numeros
IMG_20250302_131743_box4_3.jpg,5,3,71,25,numeros
IMG_20250302_131743_box4_4.jpg,1,0,66,22,numeros
IMG_20250302_131743_box4_5.jpg,3,1,64,20,numeros
IMG_20250302_131743_box4_6.jpg,3,0,69,22,numeros
IMG_20250302_131743_box4_7.jpg,7,0,31,24,numeros
IMG_20250302_131743_box4_7.jpg,36,0,61,23,letras
IMG_20250302_131743_box4_8.jpg,2,2,72,23,numeros
IMG_20250302_131743_box4_9.jpg,0,1,80,27,numeros
IMG_20250302_131749_box4_0.jpg,2,2,74,30,numeros
IMG_20250302_131749_box4_1.jpg,2,2,79,26,numeros
IMG_20250302_131749_box4_10.jpg,5,1,77,23,numeros
IMG_20250302_131749_box4_11.jpg,2,2,28,28,numeros
IMG_20250302_131749_box4_11.jpg,36,2,60,28,letras
IMG_20250302_131749_box4_12.jpg,37,1,64,25,letras
IMG_20250302_131749_box4_12.jpg,0,1,27,27,numeros
IMG_20250302_131749_box4_13.jpg,3,3,38,26,numeros
IMG_20250302_131749_box4_13.jpg,45,2,70,27,letras
IMG_20250302_131749_box4_14.jpg,1,4,68,29,numeros
IMG_20250302_131749_box4_15.jpg,1,3,33,30,numeros
IMG_20250302_131749_box4_15.jpg,42,2,74,28,letras
IMG_20250302_131749_box4_16.jpg,46,1,71,22,letras
IMG_20250302_131749_box4_16.jpg,1,2,41,22,numeros
IMG_20250302_131749_box4_17.jpg,2,5,48,25,numeros
IMG_20250302_131749_box4_17.jpg,53,3,75,25,letras
IMG_20250302_131749_box4_18.jpg,35,0,64,22,letras
IMG_20250302_131749_box4_18.jpg,1,3,26,25,numeros
IMG_20250302_131749_box4_2.jpg,1,2,86,25,numeros
IMG_20250302_131749_box4_3.jpg,2,1,77,27,numeros
IMG_20250302_131749_box4_4.jpg,1,3,24,26,numeros
IMG_20250302_131749_box4_4.jpg,34,1,64,27,letras
IMG_20250302_131749_box4_5.jpg,35,0,63,24,letras
IMG_20250302_131749_box4_5.jpg,1,5,27,25,numeros
IMG_20250302_131749_box4_6.jpg,0,5,79,28,numeros
IMG_20250302_131749_box4_7.jpg,2,4,35,26,numeros
IMG_20250302_131749_box4_7.jpg,41,1,67,23,letras
IMG_20250302_131749_box4_8.jpg,0,5,69,31,numeros
IMG_20250302_131749_box4_9.jpg,1,1,71,27,numeros
IMG_20250302_131755_box4_0.jpg,1,2,27,30,numeros
IMG_20250302_131755_box4_0.jpg,38,2,60,28,letras
IMG_20250302_131755_box4_1.jpg,1,3,76,30,numeros
IMG_20250302_131755_box4_10.jpg,1,6,79,31,numeros
IMG_20250302_131755_box4_11.jpg,0,3,26,26,numeros
IMG_20250302_131755_box4_11.jpg,31,2,54,27,letras
IMG_20250302_131755_box4_12.jpg,41,3,70,27,letras
IMG_20250302_131755_box4_12.jpg,0,4,26,27,numeros
IMG_20250302_131755_box4_13.jpg,1,2,76,26,numeros
IMG_20250302_131755_box4_14.jpg,1,3,81,25,numeros
IMG_20250302_131755_box4_15.jpg,1,0,82,22,numeros
IMG_20250302_131755_box4_2.jpg,1,0,68,28,numeros
IMG_20250302_131755_box4_3.jpg,1,3,23,29,numeros
IMG_20250302_131755_box4_3.jpg,28,4,50,28,letras
IMG_20250302_131755_box4_4.jpg,39,1,70,23,letras
IMG_20250302_131755_box4_4.jpg,3,2,28,25,numeros
IMG_20250302_131755_box4_5.jpg,2,3,36,29,numeros
IMG_20250302_131755_box4_5.jpg,40,2,67,30,letras
IMG_20250302_131755_box4_6.jpg,33,4,62,27,letras
IMG_20250302_131755_box4_6.jpg,1,5,27,27,numeros
IMG_20250302_131755_box4_7.jpg,2,5,79,28,numeros
IMG_20250302_131755_box4_8.jpg,2,3,31,32,numeros
IMG_20250302_131755_box4_8.jpg,37,1,63,28,letras
IMG_20250302_131755_box4_9.jpg,35,0,64,24,letras
IMG_20250302_131755_box4_9.jpg,0,3,35,23,numeros
IMG_20250302_131911_box4_0.jpg,4,2,72,29,numeros
IMG_20250302_131911_box4_1.jpg,0,3,70,28,numeros
IMG_20250302_131911_box4_10.jpg,6,1,37,27,numeros
IMG_20250302_131911_box4_10.jpg,41,5,85,27,letras
IMG_20250302_131911_box4_11.jpg,30,3,81,24,letras
IMG_20250302_131911_box4_11.jpg,0,0,26,23,numeros
IMG_20250302_131911_box4_12.jpg,0,3,24,29,numeros
IMG_20250302_131911_box4_12.jpg,32,1,79,27,letras
IMG_20250302_131911_box4_13.jpg,28,2,77,26,letras
IMG_20250302_131911_box4_13.jpg,2,1,28,27,numeros
IMG_20250302_131911_box4_14.jpg,3,3,28,27,numeros
IMG_20250302_131911_box4_14.jpg,32,2,87,26,letras
IMG_20250302_131911_box4_15.jpg,28,5,75,23,letras
IMG_20250302_131911_box4_15.jpg,2,4,23,23,numeros
IMG_20250302_131911_box4_16.jpg,1,3,20,27,numeros
IMG_20250302_131911_box4_16.jpg,31,3,83,26,letras
IMG_20250302_131911_box4_17.jpg,32,5,79,27,letras
IMG_20250302_131911_box4_17.jpg,7,2,25,28,numeros
IMG_20250302_131911_box4_18.jpg,1,3,34,22,numeros
IMG_20250302_131911_box4_18.jpg,41,1,80,22,letras
IMG_20250302_131911_box4_2.jpg,29,2,76,30,letras
IMG_20250302_131911_box4_2.jpg,1,3,23,30,numeros
IMG_20250302_131911_box4_3.jpg,2,5,27,29,numeros
IMG_20250302_131911_box4_3.jpg,34,2,61,27,letras
IMG_20250302_131911_box4_4.jpg,32,3,61,27,letras
IMG_20250302_131911_box4_4.jpg,0,5,26,29,numeros
IMG_20250302_131911_box4_5.jpg,1,2,34,31,numeros
IMG_20250302_131911_box4_5.jpg,40,12,86,32,letras
IMG_20250302_131911_box4_6.jpg,27,2,75,26,letras
IMG_20250302_131911_box4_6.jpg,0,2,21,27,numeros
IMG_20250302_131911_box4_7.jpg,0,5,34,32,numeros
IMG_20250302_131911_box4_7.jpg,47,4,80,32,letras
IMG_20250302_131911_box4_8.jpg,37,5,63,28,letras
IMG_20250302_131911_box4_8.jpg,4,4,24,27,numeros
IMG_20250302_131911_box4_9.jpg,2,6,29,34,numeros
IMG_20250302_131911_box4_9.jpg,33,7,59,30,letras
IMG_20250302_131917_box4_0.jpg,43,2,88,28,letras
IMG_20250302_131917_box4_0.jpg,3,1,45,28,numeros
IMG_20250302_131917_box4_1.jpg,0,3,38,27,numeros
IMG_20250302_131917_box4_1.jpg,36,3,86,28,letras
IMG_20250302_131917_box4_10.jpg,29,2,57,22,letras
IMG_20250302_131917_box4_10.jpg,2,3,22,25,numeros
IMG_20250302_131917_box4_11.jpg,2,0,25,26,numeros
IMG_20250302_131917_box4_11.jpg,31,1,72,24,letras
IMG_20250302_131917_box4_12.jpg,24,0,70,25,letras
IMG_20250302_131917_box4_12.jpg,1,1,20,26,numeros
IMG_20250302_131917_box4_13.jpg,1,2,26,25,numeros
IMG_20250302_131917_box4_13.jpg,32,0,74,26,letras
IMG_20250302_131917_box4_14.jpg,32,0,81,24,letras
IMG_20250302_131917_box4_14.jpg,1,1,21,25,numeros
IMG_20250302_131917_box4_15.jpg,0,4,24,29,numeros
IMG_20250302_131917_box4_15.jpg,31,1,79,27,letras
IMG_20250302_131917_box4_16.jpg,3,4,77,29,numeros
IMG_20250302_131917_box4_17.jpg,0,4,69,25,numeros
IMG_20250302_131917_box4_18.jpg,0,1,17,22,numeros
IMG_20250302_131917_box4_18.jpg,23,3,80,20,letras
IMG_20250302_131917_box4_2.jpg,27,3,80,26,letras
IMG_20250302_131917_box4_2.jpg,2,1,24,27,numeros
IMG_20250302_131917_box4_3.jpg,0,3,25,29,numeros
IMG_20250302_131917_box4_3.jpg,28,0,57,29,letras
IMG_20250302_131917_box4_4.jpg,22,4,75,27,letras
IMG_20250302_131917_box4_4.jpg,0,0,20,27,numeros
IMG_20250302_131917_box4_5.jpg,4,4,40,24,numeros
IMG_20250302_131917_box4_5.jpg,39,1,87,23,letras
IMG_20250302_131917_box4_6.jpg,37,3,76,24,letras
IMG_20250302_131917_box4_6.jpg,1,2,34,25,numeros
IMG_20250302_131917_box4_7.jpg,1,5,38,25,numeros
IMG_20250302_131917_box4_7.jpg,42,3,82,24,letras
IMG_20250302_131917_box4_8.jpg,34,1,80,26,letras
IMG_20250302_131917_box4_8.jpg,2,1,27,25,numeros
IMG_20250302_131917_box4_9.jpg,1,1,22,26,numeros
IMG_20250302_131917_box4_9.jpg,32,0,76,25,letras
IMG_20250302_131926_box4_0.jpg,27,5,76,29,letras
IMG_20250302_131926_box4_0.jpg,2,1,25,29,numeros
IMG_20250302_131926_box4_1.jpg,1,1,24,27,numeros
IMG_20250302_131926_box4_1.jpg,28,0,80,29,letras
IMG_20250302_131926_box4_2.jpg,31,2,77,25,letras
IMG_20250302_131926_box4_2.jpg,0,1,24,27,numeros
IMG_20250302_131926_box4_3.jpg,0,3,19,25,numeros
IMG_20250302_131926_box4_3.jpg,29,1,76,25,letras
IMG_20250302_131935_box4_0.jpg,33,3,79,29,letras
IMG_20250302_131935_box4_0.jpg,0,0,34,32,numeros
IMG_20250302_131935_box4_1.jpg,0,0,30,22,numeros
IMG_20250302_131935_box4_1.jpg,34,0,85,22,letras
IMG_20250302_131935_box4_2.jpg,33,1,84,24,letras
IMG_20250302_131935_box4_2.jpg,0,1,29,23,numeros
IMG_20250302_131935_box4_3.jpg,0,3,23,23,numeros
IMG_20250302_131935_box4_3.jpg,24,2,86,24,letras
IMG_20250302_131935_box4_4.jpg,30,1,75,23,letras
IMG_20250302_131935_box4_4.jpg,0,0,20,21,numeros
IMG_20250302_131935_box4_5.jpg,1,1,19,23,numeros
IMG_20250302_131935_box4_5.jpg,29,0,79,22,letras
IMG_20250302_131944_box4_0.jpg,0,3,83,29,numeros
IMG_20250302_132006_box4_0.jpg,0,4,83,28,numeros
IMG_20250302_132017_box4_0.jpg,7,2,30,28,numeros
IMG_20250302_132017_box4_0.jpg,34,2,69,27,letras
IMG_20250302_132017_box4_1.jpg,28,0,64,25,letras
IMG_20250302_132017_box4_1.jpg,0,4,17,27,numeros
IMG_20250302_132017_box4_10.jpg,3,1,28,25,numeros
IMG_20250302_132017_box4_10.jpg,34,2,74,26,letras
IMG_20250302_132017_box4_11.jpg,33,2,73,25,letras
IMG_20250302_132017_box4_11.jpg,4,2,28,27,numeros
IMG_20250302_132017_box4_12.jpg,3,2,26,22,numeros
IMG_20250302_132017_box4_12.jpg,31,2,50,22,letras
IMG_20250302_132017_box4_13.jpg,38,2,57,26,letras
IMG_20250302_132017_box4_13.jpg,7,3,35,27,numeros
IMG_20250302_132017_box4_14.jpg,7,0,22,24,numeros
IMG_20250302_132017_box4_14.jpg,28,1,55,25,letras
IMG_20250302_132017_box4_15.jpg,30,3,67,25,letras
IMG_20250302_132017_box4_15.jpg,5,0,28,26,numeros
IMG_20250302_132017_box4_16.jpg,5,2,26,28,numeros
IMG_20250302_132017_box4_16.jpg,32,0,57,24,letras
IMG_20250302_132017_box4_17.jpg,28,0,49,23,letras
IMG_20250302_132017_box4_17.jpg,2,0,28,24,numeros
IMG_20250302_132017_box4_18.jpg,1,2,28,27,numeros
IMG_20250302_132017_box4_18.jpg,31,2,78,26,letras
IMG_20250302_132017_box4_2.jpg,32,2,69,21,letras
IMG_20250302_132017_box4_2.jpg,3,1,21,22,numeros
IMG_20250302_132017_box4_3.jpg,3,1,29,24,numeros
IMG_20250302_132017_box4_3.jpg,30,1,50,24,letras
IMG_20250302_132017_box4_4.jpg,30,1,66,23,letras
IMG_20250302_132017_box4_4.jpg,3,1,25,24,numeros
IMG_20250302_132017_box4_5.jpg,6,1,27,22,numeros
IMG_20250302_132017_box4_5.jpg,34,2,59,21,letras
IMG_20250302_132017_box4_6.jpg,31,1,51,26,letras
IMG_20250302_132017_box4_6.jpg,3,2,32,27,numeros
IMG_20250302_132017_box4_7.jpg,7,4,31,23,numeros
IMG_20250302_132017_box4_8.jpg,3,2,25,23,numeros
IMG_20250302_132017_box4_9.jpg,4,2,27,22,numeros
IMG_20250302_132025_box4_0.jpg,2,1,22,22,numeros
IMG_20250302_132025_box4_0.jpg,29,2,69,22,letras
IMG_20250302_132025_box4_1.jpg,35,4,68,25,letras
IMG_20250302_132025_box4_1.jpg,3,4,28,24,numeros
IMG_20250302_132025_box4_2.jpg,6,5,33,29,numeros
IMG_20250302_132025_box4_2.jpg,34,3,60,26,letras
IMG_20250302_132025_box4_3.jpg,36,2,70,22,letras
IMG_20250302_132025_box4_3.jpg,2,1,28,24,numeros
IMG_20250302_132039_box4_0.jpg,0,2,25,26,numeros
IMG_20250302_132039_box4_0.jpg,29,0,66,26,letras
IMG_20250302_132039_box4_1.jpg,36,4,68,24,letras
IMG_20250302_132039_box4_1.jpg,2,2,32,23,numeros
IMG_20250302_132039_box4_2.jpg,5,1,35,26,numeros
IMG_20250302_132039_box4_2.jpg,38,0,62,27,letras
IMG_20250302_132039_box4_3.jpg,34,4,69,23,letras
IMG_20250302_132039_box4_3.jpg,1,1,30,24,numeros
IMG_20250302_132056_box4_0.jpg,4,3,39,30,numeros
IMG_20250302_132056_box4_1.jpg,8,5,41,33,numeros
IMG_20250302_132056_box4_1.jpg,45,3,78,34,letras
IMG_20250302_132056_box4_2.jpg,39,3,58,28,letras
IMG_20250302_132056_box4_2.jpg,3,3,32,26,numeros
IMG_20250302_132056_box4_3.jpg,6,2,30,28,numeros
IMG_20250302_132056_box4_3.jpg,34,5,68,28,letras
IMG_20250302_132056_box4_4.jpg,30,7,61,31,letras
IMG_20250302_132056_box4_4.jpg,6,2,28,30,numeros
IMG_20250302_132133_box4_0.jpg,1,5,71,31,numeros
IMG_20250302_132133_box4_1.jpg,3,1,66,28,numeros
IMG_20250302_132133_box4_10.jpg,3,2,74,29,numeros
IMG_20250302_132133_box4_11.jpg,0,2,76,29,numeros
IMG_20250302_132133_box4_12.jpg,1,1,76,30,numeros
IMG_20250302_132133_box4_13.jpg,0,0,27,26,numeros
IMG_20250302_132133_box4_13.jpg,33,2,55,25,letras
IMG_20250302_132133_box4_14.jpg,68,1,86,25,letras
IMG_20250302_132133_box4_14.jpg,0,2,68,27,numeros
IMG_20250302_132133_box4_15.jpg,1,0,27,32,numeros
IMG_20250302_132133_box4_15.jpg,29,2,60,28,letras
IMG_20250302_132133_box4_16.jpg,27,1,58,28,letras
IMG_20250302_132133_box4_16.jpg,1,3,26,30,numeros
IMG_20250302_132133_box4_17.jpg,2,1,29,28,numeros
IMG_20250302_132133_box4_17.jpg,30,2,58,28,letras
IMG_20250302_132133_box4_2.jpg,36,4,60,26,letras
IMG_20250302_132133_box4_2.jpg,2,3,30,28,numeros
IMG_20250302_132133_box4_3.jpg,3,2,72,27,numeros
IMG_20250302_132133_box4_4.jpg,1,6,70,30,numeros
IMG_20250302_132133_box4_5.jpg,0,3,74,31,numeros
IMG_20250302_132133_box4_6.jpg,2,4,22,25,numeros
IMG_20250302_132133_box4_6.jpg,31,2,75,25,letras
IMG_20250302_132133_box4_7.jpg,33,0,62,26,letras
IMG_20250302_132133_box4_7.jpg,0,4,31,28,numeros
IMG_20250302_132133_box4_8.jpg,0,2,77,27,numeros
IMG_20250302_132133_box4_9.jpg,1,0,73,29,numeros
IMG_20250302_132219_box4_0.jpg,0,2,33,29,numeros
IMG_20250302_132219_box4_0.jpg,40,1,80,30,letras
IMG_20250302_132219_box4_1.jpg,0,1,77,24,numeros
IMG_20250302_132219_box4_2.jpg,1,2,79,30,numeros
IMG_20250302_132243_box4_0.jpg,8,1,37,27,numeros
IMG_20250302_132243_box4_0.jpg,45,1,81,26,letras
IMG_20250302_132243_box4_1.jpg,37,2,84,25,letras
IMG_20250302_132243_box4_1.jpg,6,3,29,25,numeros
IMG_20250302_132243_box4_10.jpg,0,0,28,29,numeros
IMG_20250302_132243_box4_10.jpg,36,3,69,26,letras
IMG_20250302_132243_box4_11.jpg,1,1,40,26,letras
IMG_20250302_132243_box4_11.jpg,38,1,85,26,letras
IMG_20250302_132243_box4_12.jpg,27,2,54,22,letras
IMG_20250302_132243_box4_12.jpg,1,2,19,22,numeros
IMG_20250302_132243_box4_13.jpg,0,1,28,26,numeros
IMG_20250302_132243_box4_13.jpg,30,0,78,27,letras
IMG_20250302_132243_box4_14.jpg,31,2,66,28,letras
IMG_20250302_132243_box4_14.jpg,2,1,24,26,numeros
IMG_20250302_132243_box4_2.jpg,0,2,28,23,numeros
IMG_20250302_132243_box4_2.jpg,36,0,77,24,letras
IMG_20250302_132243_box4_3.jpg,29,0,58,23,letras
IMG_20250302_132243_box4_3.jpg,3,0,27,22,numeros
IMG_20250302_132243_box4_4.jpg,1,1,20,26,numeros
IMG_20250302_132243_box4_4.jpg,29,1,69,25,letras
IMG_20250302_132243_box4_5.jpg,32,2,70,23,letras
IMG_20250302_132243_box4_5.jpg,1,1,28,26,numeros
IMG_20250302_132243_box4_6.jpg,0,1,20,28,numeros
IMG_20250302_132243_box4_6.jpg,27,2,69,25,letras
IMG_20250302_132243_box4_7.jpg,21,3,62,27,letras
IMG_20250302_132243_box4_7.jpg,4,-1,20,23,numeros
IMG_20250302_132243_box4_8.jpg,0,0,21,26,numeros
IMG_20250302_132243_box4_8.jpg,18,2,60,30,letras
IMG_20250302_132243_box4_9.jpg,25,1,72,30,letras
IMG_20250302_132243_box4_9.jpg,1,3,22,27,numeros
IMG_20250302_132340_box3_0.jpg,2,3,24,25,numeros
IMG_20250302_132340_box3_0.jpg,25,2,49,25,letras
IMG_20250302_132340_box3_1.jpg,25,2,52,24,letras
IMG_20250302_132340_box3_1.jpg,2,0,26,25,numeros
IMG_20250302_132340_box3_2.jpg,8,0,32,21,numeros
IMG_20250302_132340_box3_2.jpg,31,1,54,20,letras
IMG_20250302_132340_box3_3.jpg,30,3,53,26,letras
IMG_20250302_132340_box3_3.jpg,7,5,33,28,numeros
IMG_20250302_132340_box3_4.jpg,0,0,56,28,numeros
IMG_20250302_132340_box3_4.jpg,57,1,79,24,letras
IMG_20250302_132419_box4_0.jpg,25,3,50,29,letras
IMG_20250302_132419_box4_0.jpg,1,1,24,31,numeros
IMG_20250302_132419_box4_1.jpg,1,0,53,23,numeros
IMG_20250302_132419_box4_1.jpg,50,0,71,22,letras
IMG_20250302_132419_box4_10.jpg,20,1,40,25,letras
IMG_20250302_132419_box4_10.jpg,6,3,25,26,numeros
IMG_20250302_132419_box4_11.jpg,3,1,25,24,numeros
IMG_20250302_132419_box4_11.jpg,24,3,45,25,letras
IMG_20250302_132419_box4_12.jpg,27,4,48,26,letras
IMG_20250302_132419_box4_12.jpg,5,4,29,27,numeros
IMG_20250302_132419_box4_13.jpg,5,0,25,26,numeros
IMG_20250302_132419_box4_13.jpg,23,0,37,27,letras
IMG_20250302_132419_box4_14.jpg,26,1,44,22,letras
IMG_20250302_132419_box4_14.jpg,4,1,26,22,numeros
IMG_20250302_132419_box4_15.jpg,0,1,21,26,numeros
IMG_20250302_132419_box4_15.jpg,25,1,48,25,letras
IMG_20250302_132419_box4_16.jpg,29,1,50,23,letras
IMG_20250302_132419_box4_16.jpg,6,1,29,24,numeros
IMG_20250302_132419_box4_17.jpg,4,2,65,26,numeros
IMG_20250302_132419_box4_17.jpg,64,2,80,22,letras
IMG_20250302_132419_box4_18.jpg,6,2,30,24,numeros
IMG_20250302_132419_box4_18.jpg,29,2,47,24,letras
IMG_20250302_132419_box4_2.jpg,3,0,60,26,numeros
IMG_20250302_132419_box4_2.jpg,60,2,82,26,letras
IMG_20250302_132419_box4_3.jpg,4,2,21,27,numeros
IMG_20250302_132419_box4_3.jpg,4,2,21,27,numeros
IMG_20250302_132419_box4_3.jpg,24,2,44,26,letras
IMG_20250302_132419_box4_3.jpg,24,2,44,26,letras
IMG_20250302_132419_box4_4.jpg,0,0,62,26,numeros
IMG_20250302_132419_box4_4.jpg,0,0,62,26,numeros
IMG_20250302_132419_box4_4.jpg,64,0,80,23,letras
IMG_20250302_132419_box4_4.jpg,64,0,80,23,letras
IMG_20250302_132419_box4_5.jpg,22,3,41,21,letras
IMG_20250302_132419_box4_5.jpg,22,3,41,21,letras
IMG_20250302_132419_box4_5.jpg,3,3,22,24,numeros
IMG_20250302_132419_box4_5.jpg,3,3,22,24,numeros
IMG_20250302_132419_box4_6.jpg,0,2,60,26,numeros
IMG_20250302_132419_box4_6.jpg,0,2,60,26,numeros
IMG_20250302_132419_box4_6.jpg,60,2,76,22,letras
IMG_20250302_132419_box4_6.jpg,60,2,76,22,letras
IMG_20250302_132419_box4_7.jpg,57,3,75,22,letras
IMG_20250302_132419_box4_7.jpg,57,3,75,22,letras
IMG_20250302_132419_box4_7.jpg,0,2,57,22,numeros
IMG_20250302_132419_box4_7.jpg,0,2,57,22,numeros
IMG_20250302_132419_box4_7.jpg,0,2,57,22,numeros
IMG_20250302_132419_box4_7.jpg,0,2,57,22,numeros
IMG_20250302_132419_box4_8.jpg,4,3,25,28,numeros
IMG_20250302_132419_box4_8.jpg,4,3,25,28,numeros
IMG_20250302_132419_box4_8.jpg,23,1,42,26,letras
IMG_20250302_132419_box4_8.jpg,23,1,42,26,letras
IMG_20250302_132419_box4_9.jpg,23,1,37,23,letras
IMG_20250302_132419_box4_9.jpg,23,1,37,23,letras
IMG_20250302_132419_box4_9.jpg,0,0,18,21,numeros
IMG_20250302_132419_box4_9.jpg,0,0,18,21,numeros
IMG_20250302_132443_box4_0.jpg,4,0,30,30,numeros
IMG_20250302_132443_box4_0.jpg,4,0,30,30,numeros
IMG_20250302_132443_box4_0.jpg,32,4,53,26,letras
IMG_20250302_132443_box4_0.jpg,32,4,53,26,letras
IMG_20250302_132443_box4_1.jpg,24,0,44,22,letras
IMG_20250302_132443_box4_1.jpg,24,0,44,22,letras
IMG_20250302_132443_box4_1.jpg,4,0,21,23,numeros
IMG_20250302_132443_box4_1.jpg,4,0,21,23,numeros
IMG_20250302_132443_box4_10.jpg,1,5,22,24,numeros
IMG_20250302_132443_box4_10.jpg,1,5,22,24,numeros
IMG_20250302_132443_box4_10.jpg,25,0,45,24,letras
IMG_20250302_132443_box4_10.jpg,25,0,45,24,letras
IMG_20250302_132443_box4_11.jpg,27,1,48,22,letras
IMG_20250302_132443_box4_11.jpg,27,1,48,22,letras
IMG_20250302_132443_box4_11.jpg,2,4,23,26,numeros
IMG_20250302_132443_box4_11.jpg,2,4,23,26,numeros
IMG_20250302_132443_box4_12.jpg,0,0,75,20,numeros
IMG_20250302_132443_box4_13.jpg,1,1,24,23,numeros
IMG_20250302_132443_box4_13.jpg,1,1,24,23,numeros
IMG_20250302_132443_box4_13.jpg,18,1,40,24,letras
IMG_20250302_132443_box4_13.jpg,18,1,40,24,letras
IMG_20250302_132443_box4_14.jpg,26,2,50,22,letras
IMG_20250302_132443_box4_14.jpg,4,0,27,26,numeros
IMG_20250302_132443_box4_15.jpg,1,3,60,24,numeros
IMG_20250302_132443_box4_15.jpg,58,2,79,24,letras
IMG_20250302_132443_box4_2.jpg,21,0,47,24,letras
IMG_20250302_132443_box4_2.jpg,5,2,24,27,numeros
IMG_20250302_132443_box4_3.jpg,4,1,27,23,numeros
IMG_20250302_132443_box4_3.jpg,25,0,43,23,letras
IMG_20250302_132443_box4_3.jpg,25,0,43,23,letras
IMG_20250302_132443_box4_4.jpg,5,0,41,24,numeros
IMG_20250302_132443_box4_4.jpg,45,2,62,24,letras
IMG_20250302_132443_box4_5.jpg,1,1,59,24,numeros
IMG_20250302_132443_box4_5.jpg,1,1,59,24,numeros
IMG_20250302_132443_box4_5.jpg,61,1,77,20,letras
IMG_20250302_132443_box4_5.jpg,61,1,77,20,letras
IMG_20250302_132443_box4_6.jpg,41,1,64,23,letras
IMG_20250302_132443_box4_6.jpg,6,2,40,26,numeros
IMG_20250302_132443_box4_7.jpg,0,0,56,25,letras
IMG_20250302_132443_box4_7.jpg,0,0,56,25,letras
